{
  "project_info": {
    "project_number": "773504739164",
    "project_id": "inventorymanagement-app-64fdc",
    "storage_bucket": "inventorymanagement-app-64fdc.firebasestorage.app"
  },
  "client": [
    {
      "client_info": {
        "mobilesdk_app_id": "1:773504739164:android:cb7299e93257d99fb50399",
        "android_client_info": {
          "package_name": "com.example.inventory_management_app"
        }
      },
      "oauth_client": [],
      "api_key": [
        {
          "current_key": "AIzaSyBr0WHnUcl-Le5YjmsduK03ApTNqm3UN7E"
        }
      ],
      "services": {
        "appinvite_service": {
          "other_platform_oauth_client": []
        }
      }
    }
  ],
  "configuration_version": "1"
}