{"flutter":{"platforms":{"android":{"default":{"projectId":"inventorymanagement-app-64fdc","appId":"1:773504739164:android:cb7299e93257d99fb50399","fileOutput":"android/app/google-services.json"}},"dart":{"lib/firebase_options.dart":{"projectId":"inventorymanagement-app-64fdc","configurations":{"android":"1:773504739164:android:cb7299e93257d99fb50399","ios":"1:773504739164:ios:14742f14aef59be4b50399","macos":"1:773504739164:ios:14742f14aef59be4b50399","web":"1:773504739164:web:6bb95ce35f74699eb50399","windows":"1:773504739164:web:d9e67366068a9471b50399"}}}}}}